nlines,processed_time
 6 , 0.004606 

 6 , 0.009194 

 10000 , 0.284796 

 100000 , 2.678412 

 500000 , 12.910572 